사고번호,사고일시,요일,시군구,사고내용,사망자수,중상자수,경상자수,부상신고자수,사고유형,법규위반,노면상태,기상상태,도로형태,가해운전자 차종,가해운전자 성별,가해운전자 연령,가해운전자 상해정도,피해운전자 차종,피해운전자 성별,피해운전자 연령,피해운전자 상해정도
2019120500100114,2019년 12월 5일 07시,목요일,전라북도 전주시 완산구 평화동1가,중상사고,0,1,0,0,차대사람 - 횡단중,보행자보호의무위반,포장 - 건조,맑음,교차로 - 교차로횡단보도내,승합,남,68세,상해없음,보행자,여,50세,중상
2019120500100152,2019년 12월 5일 08시,목요일,전라북도 전주시 완산구 삼천동1가,경상사고,0,0,1,0,차대사람 - 횡단중,신호위반,포장 - 건조,맑음,교차로 - 교차로횡단보도내,승용,여,50세,상해없음,보행자,여,14세,경상
2019120500100284,2019년 12월 5일 12시,목요일,전라북도 전주시 덕진구 여의동,중상사고,0,1,0,0,차대사람 - 횡단중,보행자보호의무위반,포장 - 건조,맑음,단일로 - 기타,화물,남,63세,상해없음,보행자,남,7세,중상
2019120500100347,2019년 12월 5일 14시,목요일,전라북도 전주시 완산구 태평동,중상사고,0,1,0,0,차대사람 - 횡단중,안전운전불이행,포장 - 건조,맑음,단일로 - 지하차도(도로)내,승용,남,75세,상해없음,보행자,여,88세,중상
2019120500100348,2019년 12월 5일 14시,목요일,전라북도 부안군 진서면,경상사고,0,0,1,0,차대사람 - 기타,안전운전불이행,포장 - 젖음/습기,눈,단일로 - 기타,승용,남,41세,상해없음,보행자,남,44세,경상
2019120500100528,2019년 12월 5일 18시,목요일,전라북도 전주시 완산구 삼천동1가,중상사고,0,1,0,0,차대사람 - 횡단중,보행자보호의무위반,포장 - 건조,맑음,기타 - 기타,승용,남,59세,상해없음,보행자,여,76세,중상
2019120500100529,2019년 12월 5일 18시,목요일,전라북도 장수군 장계면,사망사고,1,0,0,0,차대사람 - 횡단중,과속,포장 - 건조,맑음,교차로 - 교차로안,승용,남,32세,상해없음,보행자,남,75세,사망
2019120500100575,2019년 12월 5일 19시,목요일,전라북도 전주시 덕진구 만성동,중상사고,0,1,0,0,차대사람 - 차도통행중,중앙선침범,포장 - 건조,맑음,단일로 - 기타,승용,여,38세,상해없음,보행자,남,51세,중상
2019120600100061,2019년 12월 6일 04시,금요일,전라북도 전주시 완산구 다가동4가,중상사고,0,1,0,0,차대사람 - 기타,안전운전불이행,포장 - 건조,맑음,단일로 - 기타,승용,남,29세,상해없음,보행자,여,19세,중상
2019120600100254,2019년 12월 6일 11시,금요일,전라북도 전주시 완산구 삼천동1가,경상사고,0,0,1,0,차대사람 - 차도통행중,안전운전불이행,포장 - 건조,맑음,교차로 - 교차로안,승용,여,24세,상해없음,보행자,여,52세,경상
2019120600100533,2019년 12월 6일 18시,금요일,전라북도 전주시 완산구 남노송동,중상사고,0,1,0,0,차대사람 - 횡단중,안전운전불이행,포장 - 건조,맑음,교차로 - 교차로안,승용,남,53세,상해없음,보행자,여,27세,중상
2019120600100535,2019년 12월 6일 18시,금요일,전라북도 익산시 동산동,중상사고,0,1,0,0,차대사람 - 횡단중,안전운전불이행,포장 - 건조,맑음,단일로 - 기타,승용,여,24세,상해없음,보행자,여,35세,중상
2019120600100536,2019년 12월 6일 18시,금요일,전라북도 고창군 고수면,중상사고,0,1,0,0,차대사람 - 차도통행중,안전운전불이행,포장 - 건조,맑음,단일로 - 기타,승용,남,48세,상해없음,보행자,여,69세,중상
2019120600100649,2019년 12월 6일 20시,금요일,전라북도 익산시 금강동,경상사고,0,0,1,0,차대사람 - 차도통행중,안전운전불이행,포장 - 건조,맑음,단일로 - 기타,승용,여,51세,상해없음,보행자,남,48세,경상
2019120700100494,2019년 12월 7일 18시,토요일,전라북도 익산시 마동,경상사고,0,0,1,0,차대사람 - 횡단중,안전운전불이행,포장 - 건조,맑음,단일로 - 기타,승용,여,52세,상해없음,보행자,남,56세,경상
2019120700100649,2019년 12월 7일 22시,토요일,전라북도 군산시 소룡동,경상사고,0,0,1,0,차대사람 - 횡단중,안전운전불이행,포장 - 건조,맑음,교차로 - 교차로안,승용,남,37세,상해없음,보행자,남,55세,경상
2019120800100070,2019년 12월 8일 01시,일요일,전라북도 전주시 덕진구 산정동,경상사고,0,0,1,0,차대사람 - 차도통행중,안전운전불이행,포장 - 건조,맑음,교차로 - 교차로부근,승용,남,51세,상해없음,보행자,여,51세,경상
2019120800100189,2019년 12월 8일 10시,일요일,전라북도 군산시 개복동,부상신고사고,0,0,0,1,차대사람 - 기타,안전운전불이행,포장 - 건조,맑음,교차로 - 교차로안,기타불명,기타불명,미분류,기타불명,보행자,남,28세,부상신고
2019120800100286,2019년 12월 8일 14시,일요일,전라북도 익산시 중앙동1가,중상사고,0,1,0,0,차대사람 - 횡단중,안전운전불이행,포장 - 건조,맑음,교차로 - 교차로안,승용,남,62세,상해없음,보행자,여,58세,중상
2019120800100376,2019년 12월 8일 17시,일요일,전라북도 완주군 소양면,중상사고,0,1,0,0,차대사람 - 길가장자리구역통행중,안전운전불이행,포장 - 건조,맑음,단일로 - 기타,승용,남,35세,상해없음,보행자,남,42세,중상
2019120900100069,2019년 12월 9일 05시,월요일,전라북도 임실군 오수면,중상사고,0,1,0,0,차대사람 - 차도통행중,안전운전불이행,포장 - 건조,맑음,교차로 - 교차로안,승용,여,71세,상해없음,보행자,남,73세,중상
2019120900100121,2019년 12월 9일 07시,월요일,전라북도 남원시 산곡동,중상사고,0,1,0,0,차대사람 - 횡단중,안전운전불이행,포장 - 건조,맑음,단일로 - 기타,화물,남,51세,상해없음,보행자,여,62세,중상
2019120900100350,2019년 12월 9일 14시,월요일,전라북도 남원시 죽항동,경상사고,0,0,1,0,차대사람 - 횡단중,안전운전불이행,포장 - 건조,맑음,교차로 - 교차로부근,승용,여,35세,상해없음,보행자,남,73세,경상
2019120900100391,2019년 12월 9일 15시,월요일,전라북도 익산시 남중동,경상사고,0,0,1,0,차대사람 - 길가장자리구역통행중,안전운전불이행,포장 - 건조,맑음,단일로 - 기타,승용,여,67세,상해없음,보행자,남,34세,경상
2019120900100465,2019년 12월 9일 17시,월요일,전라북도 전주시 덕진구 진북동,중상사고,0,1,0,0,차대사람 - 기타,안전운전불이행,포장 - 건조,맑음,단일로 - 기타,승용,남,70세,상해없음,보행자,여,63세,중상
2019120900100466,2019년 12월 9일 17시,월요일,전라북도 전주시 덕진구 금암동,중상사고,0,1,0,0,차대사람 - 기타,보행자보호의무위반,포장 - 건조,맑음,단일로 - 기타,승용,남,64세,상해없음,보행자,남,81세,중상
2019120900100511,2019년 12월 9일 18시,월요일,전라북도 전주시 완산구 평화동2가,경상사고,0,0,1,0,차대사람 - 보도통행중,보행자보호의무위반,포장 - 건조,맑음,단일로 - 기타,승용,여,47세,상해없음,보행자,여,77세,경상
2019120900100513,2019년 12월 9일 18시,월요일,전라북도 전주시 완산구 삼천동1가,경상사고,0,0,1,0,차대사람 - 보도통행중,보행자보호의무위반,포장 - 건조,맑음,교차로 - 교차로안,승용,여,72세,상해없음,보행자,여,61세,경상
2019121000100258,2019년 12월 10일 11시,화요일,전라북도 전주시 덕진구 인후동1가,경상사고,0,0,1,0,차대사람 - 기타,안전운전불이행,포장 - 건조,맑음,교차로 - 교차로안,승용,남,41세,상해없음,보행자,여,55세,경상
2019121000100461,2019년 12월 10일 17시,화요일,전라북도 익산시 함열읍,사망사고,1,0,0,0,차대사람 - 기타,안전운전불이행,포장 - 건조,맑음,단일로 - 기타,이륜,남,41세,상해없음,보행자,여,89세,사망
2019121000100528,2019년 12월 10일 18시,화요일,전라북도 전주시 덕진구 송천동2가,경상사고,0,0,1,0,차대사람 - 보도통행중,신호위반,포장 - 건조,맑음,교차로 - 교차로횡단보도내,승용,여,52세,상해없음,보행자,여,16세,경상
2019121000100583,2019년 12월 10일 19시,화요일,전라북도 전주시 덕진구 송천동1가,경상사고,0,0,2,0,차대사람 - 보도통행중,신호위반,포장 - 건조,맑음,교차로 - 교차로안,승용,여,48세,상해없음,보행자,여,16세,경상
2019121000100658,2019년 12월 10일 21시,화요일,전라북도 전주시 덕진구 송천동2가,중상사고,0,1,0,0,차대사람 - 횡단중,안전운전불이행,포장 - 건조,맑음,단일로 - 기타,승용,남,60세,상해없음,보행자,남,55세,중상
2019121100100153,2019년 12월 11일 08시,수요일,전라북도 군산시 조촌동,경상사고,0,0,1,0,차대사람 - 기타,안전운전불이행,포장 - 건조,흐림,단일로 - 기타,승용,여,30세,상해없음,보행자,남,45세,경상
2019121100100437,2019년 12월 11일 17시,수요일,전라북도 전주시 완산구 효자동1가,중상사고,0,1,0,0,차대사람 - 횡단중,보행자보호의무위반,포장 - 건조,흐림,교차로 - 교차로횡단보도내,승용,여,64세,상해없음,보행자,남,73세,중상
2019121100100439,2019년 12월 11일 17시,수요일,전라북도 군산시 옥산면,부상신고사고,0,0,0,1,차대사람 - 기타,안전운전불이행,포장 - 건조,맑음,단일로 - 기타,기타불명,기타불명,미분류,기타불명,보행자,남,56세,부상신고
2019121200100131,2019년 12월 12일 07시,목요일,전라북도 군산시 오식도동,경상사고,0,0,1,0,차대사람 - 기타,중앙선침범,포장 - 건조,맑음,단일로 - 기타,승용,남,63세,상해없음,보행자,남,46세,경상
2019121200100270,2019년 12월 12일 11시,목요일,전라북도 익산시 송학동,경상사고,0,0,1,0,차대사람 - 횡단중,보행자보호의무위반,포장 - 건조,맑음,교차로 - 교차로횡단보도내,화물,남,69세,상해없음,보행자,여,59세,경상
2019121200100471,2019년 12월 12일 17시,목요일,전라북도 전주시 완산구 평화동2가,경상사고,0,0,1,0,차대사람 - 기타,안전운전불이행,포장 - 건조,맑음,단일로 - 기타,승용,남,38세,상해없음,보행자,여,48세,경상
2019121200100604,2019년 12월 12일 19시,목요일,전라북도 익산시 부송동,중상사고,0,1,0,0,차대사람 - 횡단중,안전운전불이행,포장 - 건조,맑음,교차로 - 교차로부근,승용,남,32세,상해없음,보행자,남,63세,중상
2019121200100605,2019년 12월 12일 19시,목요일,전라북도 임실군 강진면,중상사고,0,1,0,0,차대사람 - 횡단중,안전운전불이행,포장 - 건조,맑음,미분류 - 미분류,승용,남,63세,상해없음,보행자,남,64세,중상
2019121300100100,2019년 12월 13일 06시,금요일,전라북도 익산시 동산동,경상사고,0,0,1,0,차대사람 - 횡단중,안전운전불이행,포장 - 건조,맑음,교차로 - 교차로부근,승용,남,57세,상해없음,보행자,여,51세,경상
2019121300100377,2019년 12월 13일 15시,금요일,전라북도 정읍시 북면,중상사고,0,1,0,0,차대사람 - 기타,안전운전불이행,포장 - 건조,맑음,교차로 - 교차로안,승용,남,35세,상해없음,보행자,남,54세,중상
2019121400100097,2019년 12월 14일 04시,토요일,전라북도 전주시 완산구 서서학동,중상사고,0,1,0,0,차대사람 - 횡단중,안전운전불이행,포장 - 젖음/습기,비,단일로 - 기타,이륜,남,63세,기타불명,보행자,여,80세,중상
2019121400100178,2019년 12월 14일 07시,토요일,전라북도 정읍시 시기동,경상사고,0,0,1,0,차대사람 - 길가장자리구역통행중,안전운전불이행,포장 - 건조,맑음,교차로 - 교차로안,승용,남,57세,상해없음,보행자,여,80세,경상
2019121400100567,2019년 12월 14일 17시,토요일,전라북도 익산시 왕궁면,중상사고,0,1,0,0,차대사람 - 차도통행중,안전운전불이행,포장 - 건조,맑음,단일로 - 기타,승용,남,64세,상해없음,보행자,남,85세,중상
2019121400100679,2019년 12월 14일 19시,토요일,전라북도 군산시 나운동,중상사고,0,1,0,0,차대사람 - 기타,안전운전불이행,포장 - 건조,맑음,단일로 - 기타,승용,여,50세,상해없음,보행자,남,63세,중상
2019121400100710,2019년 12월 14일 20시,토요일,전라북도 익산시 영등동,중상사고,0,1,0,0,차대사람 - 기타,안전운전불이행,포장 - 건조,맑음,단일로 - 기타,승용,남,57세,상해없음,보행자,여,62세,중상
2019121400100740,2019년 12월 14일 21시,토요일,전라북도 남원시 도통동,중상사고,0,1,0,0,차대사람 - 횡단중,보행자보호의무위반,포장 - 건조,맑음,교차로 - 교차로횡단보도내,승용,여,25세,상해없음,보행자,남,68세,중상
2019121500100322,2019년 12월 15일 15시,일요일,전라북도 군산시 수송동,중상사고,0,1,0,0,차대사람 - 횡단중,신호위반,포장 - 건조,맑음,교차로 - 교차로부근,승용,남,39세,상해없음,보행자,남,63세,중상
2019121500100424,2019년 12월 15일 18시,일요일,전라북도 완주군 이서면,중상사고,0,1,0,0,차대사람 - 기타,안전운전불이행,포장 - 건조,흐림,단일로 - 기타,승용,남,54세,상해없음,보행자,남,47세,중상
2019121500100460,2019년 12월 15일 19시,일요일,전라북도 익산시 삼기면,중상사고,0,1,0,0,차대사람 - 횡단중,안전운전불이행,포장 - 건조,맑음,교차로 - 교차로안,승용,남,27세,상해없음,보행자,남,64세,중상
2019121500100461,2019년 12월 15일 19시,일요일,전라북도 익산시 인화동1가,중상사고,0,1,0,0,차대사람 - 횡단중,안전운전불이행,포장 - 건조,맑음,단일로 - 기타,승용,남,32세,상해없음,보행자,여,80세,중상
2019121500100486,2019년 12월 15일 20시,일요일,전라북도 전주시 덕진구 금암동,중상사고,0,1,0,0,차대사람 - 횡단중,신호위반,포장 - 건조,맑음,교차로 - 교차로안,승용,남,28세,상해없음,보행자,여,77세,중상
2019121500100504,2019년 12월 15일 21시,일요일,전라북도 전주시 덕진구 진북동,경상사고,0,0,1,0,차대사람 - 횡단중,안전운전불이행,포장 - 건조,맑음,교차로 - 교차로부근,승용,남,59세,상해없음,보행자,남,17세,경상
2019121600100036,2019년 12월 16일 00시,월요일,전라북도 전주시 덕진구 송천동1가,경상사고,0,0,1,0,차대사람 - 기타,안전운전불이행,포장 - 건조,맑음,교차로 - 교차로부근,승용,남,52세,상해없음,보행자,여,31세,경상
2019121600100054,2019년 12월 16일 03시,월요일,전라북도 익산시 영등동,사망사고,1,0,0,0,차대사람 - 횡단중,안전운전불이행,포장 - 건조,맑음,단일로 - 기타,화물,남,41세,상해없음,보행자,남,49세,사망
2019121600100115,2019년 12월 16일 07시,월요일,전라북도 전주시 덕진구 여의동,중상사고,0,1,0,0,차대사람 - 횡단중,안전운전불이행,포장 - 건조,맑음,단일로 - 기타,승합,남,56세,상해없음,보행자,여,58세,중상
2019121600100117,2019년 12월 16일 07시,월요일,전라북도 남원시 죽항동,사망사고,1,0,0,0,차대사람 - 횡단중,안전운전불이행,포장 - 건조,맑음,단일로 - 기타,승용,남,47세,기타불명,보행자,여,62세,사망
2019121600100154,2019년 12월 16일 08시,월요일,전라북도 익산시 남중동,중상사고,0,1,0,0,차대사람 - 기타,기타,포장 - 건조,맑음,주차장 - 주차장,화물,남,56세,상해없음,보행자,남,78세,중상
2019121600100358,2019년 12월 16일 14시,월요일,전라북도 익산시 영등동,경상사고,0,0,1,0,차대사람 - 횡단중,기타,포장 - 건조,맑음,교차로 - 교차로안,승용,여,44세,상해없음,보행자,여,8세,경상
2019121600100359,2019년 12월 16일 14시,월요일,전라북도 정읍시 칠보면,경상사고,0,0,1,0,차대사람 - 기타,안전운전불이행,포장 - 건조,맑음,기타 - 기타,승용,남,60세,상해없음,보행자,여,69세,경상
2019121600100434,2019년 12월 16일 16시,월요일,전라북도 전주시 완산구 효자동1가,중상사고,0,1,0,0,차대사람 - 차도통행중,교차로운행방법위반,포장 - 건조,맑음,교차로 - 교차로안,승합,남,59세,상해없음,보행자,남,80세,중상
2019121600100480,2019년 12월 16일 17시,월요일,전라북도 익산시 영등동,경상사고,0,0,1,0,차대사람 - 기타,안전운전불이행,포장 - 건조,맑음,단일로 - 기타,승용,여,45세,상해없음,보행자,남,37세,경상
2019121600100639,2019년 12월 16일 21시,월요일,전라북도 익산시 주현동,경상사고,0,0,1,0,차대사람 - 기타,안전운전불이행,포장 - 건조,맑음,교차로 - 교차로부근,승용,여,59세,상해없음,보행자,남,54세,경상
2019121600100680,2019년 12월 16일 23시,월요일,전라북도 군산시 나운동,경상사고,0,0,1,0,차대사람 - 보도통행중,보행자보호의무위반,포장 - 건조,맑음,교차로 - 교차로횡단보도내,승용,여,49세,상해없음,보행자,여,50세,경상
2019121700100235,2019년 12월 17일 11시,화요일,전라북도 김제시 요촌동,경상사고,0,0,1,0,차대사람 - 길가장자리구역통행중,안전운전불이행,포장 - 젖음/습기,비,단일로 - 기타,승용,여,69세,상해없음,보행자,여,85세,경상
2019121700100355,2019년 12월 17일 15시,화요일,전라북도 순창군 풍산면,중상사고,0,1,0,0,차대사람 - 차도통행중,안전운전불이행,포장 - 젖음/습기,맑음,단일로 - 기타,화물,남,64세,상해없음,보행자,남,84세,중상
2019121700100398,2019년 12월 17일 16시,화요일,전라북도 전주시 덕진구 동산동,경상사고,0,0,1,0,차대사람 - 기타,안전운전불이행,포장 - 건조,맑음,교차로 - 교차로부근,승용,여,35세,상해없음,보행자,여,87세,경상
2019121700100476,2019년 12월 17일 18시,화요일,전라북도 정읍시 수성동,경상사고,0,0,1,0,차대사람 - 기타,안전운전불이행,포장 - 건조,흐림,단일로 - 기타,승용,여,45세,상해없음,보행자,남,54세,경상
2019121800100266,2019년 12월 18일 13시,수요일,전라북도 정읍시 상동,경상사고,0,0,1,0,차대사람 - 횡단중,보행자보호의무위반,포장 - 건조,맑음,교차로 - 교차로횡단보도내,승용,남,73세,상해없음,보행자,남,8세,경상
2019121800100386,2019년 12월 18일 17시,수요일,전라북도 정읍시 입암면,중상사고,0,1,0,0,차대사람 - 기타,안전운전불이행,포장 - 건조,맑음,기타 - 기타,화물,남,49세,상해없음,보행자,여,70세,중상
2019121800100565,2019년 12월 18일 21시,수요일,전라북도 군산시 지곡동,부상신고사고,0,0,0,1,차대사람 - 기타,기타,포장 - 건조,맑음,교차로 - 교차로부근,승용,남,65세,상해없음,보행자,남,18세,부상신고
2019121900100099,2019년 12월 19일 06시,목요일,전라북도 고창군 고창읍,사망사고,1,0,0,0,차대사람 - 횡단중,안전운전불이행,포장 - 건조,맑음,기타 - 기타,승용,남,41세,상해없음,보행자,여,62세,사망
2019121900100115,2019년 12월 19일 07시,목요일,전라북도 군산시 옥산면,중상사고,0,1,0,0,차대사람 - 차도통행중,안전운전불이행,포장 - 건조,흐림,단일로 - 지하차도(도로)내,화물,남,23세,상해없음,보행자,남,65세,중상
2019121900100206,2019년 12월 19일 10시,목요일,전라북도 전주시 완산구 전동,중상사고,0,1,0,0,차대사람 - 차도통행중,안전운전불이행,포장 - 건조,맑음,기타 - 기타,승용,여,56세,상해없음,보행자,남,56세,중상
2019121900100207,2019년 12월 19일 10시,목요일,전라북도 전주시 덕진구 호성동1가,경상사고,0,0,1,0,차대사람 - 기타,안전운전불이행,포장 - 건조,맑음,기타 - 기타,원동기,여,31세,상해없음,보행자,여,40세,경상
2019121900100426,2019년 12월 19일 16시,목요일,전라북도 전주시 덕진구 인후동1가,경상사고,0,0,1,0,차대사람 - 횡단중,보행자보호의무위반,포장 - 건조,맑음,교차로 - 교차로횡단보도내,화물,남,53세,상해없음,보행자,남,10세,경상
2019121900100466,2019년 12월 19일 17시,목요일,전라북도 전주시 덕진구 송천동1가,중상사고,0,1,0,0,차대사람 - 횡단중,보행자보호의무위반,포장 - 건조,흐림,교차로 - 교차로횡단보도내,승용,여,43세,상해없음,보행자,남,8세,중상
2019121900100606,2019년 12월 19일 20시,목요일,전라북도 군산시 수송동,부상신고사고,0,0,0,1,차대사람 - 횡단중,신호위반,포장 - 건조,맑음,단일로 - 기타,승용,여,46세,상해없음,보행자,남,47세,부상신고
2019121900100607,2019년 12월 19일 20시,목요일,전라북도 김제시 금구면,경상사고,0,0,1,0,차대사람 - 횡단중,보행자보호의무위반,포장 - 건조,맑음,교차로 - 교차로횡단보도내,화물,남,68세,상해없음,보행자,남,18세,경상
2019122000100415,2019년 12월 20일 16시,금요일,전라북도 군산시 신영동,경상사고,0,0,1,0,차대사람 - 기타,안전운전불이행,포장 - 건조,맑음,단일로 - 기타,승용,남,64세,상해없음,보행자,여,69세,경상
2019122000100469,2019년 12월 20일 17시,금요일,전라북도 익산시 삼기면,중상사고,0,1,0,0,차대사람 - 횡단중,신호위반,포장 - 건조,맑음,교차로 - 교차로횡단보도내,승용,여,66세,상해없음,보행자,여,82세,중상
2019122000100471,2019년 12월 20일 17시,금요일,전라북도 고창군 고창읍,경상사고,0,0,1,0,차대사람 - 횡단중,안전운전불이행,포장 - 건조,맑음,단일로 - 기타,승용,여,47세,상해없음,보행자,여,14세,경상
2019122000100698,2019년 12월 20일 22시,금요일,전라북도 군산시 조촌동,경상사고,0,0,1,0,차대사람 - 횡단중,보행자보호의무위반,포장 - 건조,맑음,단일로 - 기타,이륜,남,22세,상해없음,보행자,남,43세,경상
2019122100100038,2019년 12월 21일 00시,토요일,전라북도 군산시 문화동,사망사고,1,0,1,0,차대사람 - 횡단중,보행자보호의무위반,포장 - 건조,맑음,교차로 - 교차로횡단보도내,승용,남,56세,상해없음,보행자,남,63세,사망
2019122100100517,2019년 12월 21일 19시,토요일,전라북도 전주시 완산구 효자동1가,경상사고,0,0,1,0,차대사람 - 기타,안전운전불이행,포장 - 건조,맑음,단일로 - 기타,승용,남,58세,상해없음,보행자,여,57세,경상
2019122100100573,2019년 12월 21일 21시,토요일,전라북도 익산시 모현동1가,경상사고,0,0,1,0,차대사람 - 횡단중,신호위반,포장 - 건조,맑음,교차로 - 교차로횡단보도내,승용,남,65세,상해없음,보행자,남,35세,경상
2019122200100464,2019년 12월 22일 20시,일요일,전라북도 전주시 완산구 효자동3가,경상사고,0,0,1,0,차대사람 - 횡단중,신호위반,포장 - 건조,맑음,교차로 - 교차로횡단보도내,이륜,남,53세,상해없음,보행자,여,50세,경상
2019122200100465,2019년 12월 22일 20시,일요일,전라북도 정읍시 신태인읍,중상사고,0,1,0,0,차대사람 - 횡단중,안전운전불이행,포장 - 건조,맑음,단일로 - 기타,승합,남,57세,상해없음,보행자,남,13세,중상
2019122300100212,2019년 12월 23일 10시,월요일,전라북도 익산시 성당면,중상사고,0,1,0,0,차대사람 - 기타,안전운전불이행,포장 - 건조,맑음,교차로 - 교차로안,승용,여,50세,상해없음,보행자,남,79세,중상
2019122300100239,2019년 12월 23일 11시,월요일,전라북도 익산시 신동,경상사고,0,0,1,0,차대사람 - 차도통행중,안전운전불이행,포장 - 건조,맑음,단일로 - 기타,승용,남,64세,상해없음,보행자,남,77세,경상
2019122300100240,2019년 12월 23일 11시,월요일,전라북도 부안군 부안읍,중상사고,0,1,0,0,차대사람 - 차도통행중,안전운전불이행,포장 - 건조,맑음,단일로 - 기타,승용,여,58세,상해없음,보행자,여,64세,중상
2019122300100304,2019년 12월 23일 13시,월요일,전라북도 전주시 완산구 효자동1가,사망사고,1,0,0,0,차대사람 - 기타,안전운전불이행,포장 - 건조,맑음,기타 - 기타,승용,남,49세,상해없음,보행자,여,77세,사망
2019122300100376,2019년 12월 23일 15시,월요일,전라북도 전주시 완산구 서신동,중상사고,0,1,0,0,차대사람 - 차도통행중,안전운전불이행,포장 - 건조,맑음,단일로 - 기타,자전거,남,81세,상해없음,보행자,여,68세,중상
2019122300100377,2019년 12월 23일 15시,월요일,전라북도 군산시 나운동,중상사고,0,1,0,0,차대사람 - 기타,보행자보호의무위반,포장 - 건조,맑음,교차로 - 교차로횡단보도내,승용,여,80세,상해없음,보행자,여,77세,중상
2019122300100451,2019년 12월 23일 17시,월요일,전라북도 전주시 완산구 효자동3가,경상사고,0,0,2,0,차대사람 - 기타,안전운전불이행,포장 - 건조,맑음,단일로 - 기타,승용,남,59세,상해없음,보행자,남,24세,경상
2019122300100454,2019년 12월 23일 17시,월요일,전라북도 김제시 하동,중상사고,0,1,1,0,차대사람 - 길가장자리구역통행중,안전운전불이행,포장 - 건조,맑음,단일로 - 기타,승용,남,57세,상해없음,보행자,여,84세,경상
2019122300100508,2019년 12월 23일 18시,월요일,전라북도 전주시 완산구 서완산동1가,경상사고,0,0,1,0,차대사람 - 횡단중,보행자보호의무위반,포장 - 건조,맑음,교차로 - 교차로안,승용,남,48세,상해없음,보행자,남,51세,경상
2019122300100554,2019년 12월 23일 19시,월요일,전라북도 전주시 완산구 효자동2가,중상사고,0,2,0,0,차대사람 - 횡단중,과속,포장 - 건조,맑음,교차로 - 교차로안,승용,남,30세,상해없음,보행자,남,12세,중상
2019122400100232,2019년 12월 24일 10시,화요일,전라북도 전주시 덕진구 덕진동1가,중상사고,0,1,0,0,차대사람 - 횡단중,안전운전불이행,포장 - 건조,맑음,교차로 - 교차로안,승용,여,64세,상해없음,보행자,남,81세,중상
2019122400100550,2019년 12월 24일 18시,화요일,전라북도 부안군 변산면,경상사고,0,0,1,0,차대사람 - 길가장자리구역통행중,과속,포장 - 건조,맑음,단일로 - 기타,승용,여,73세,상해없음,보행자,여,59세,경상
2019122500100027,2019년 12월 25일 00시,수요일,전라북도 전주시 덕진구 송천동2가,중상사고,0,1,0,0,차대사람 - 횡단중,안전운전불이행,포장 - 건조,맑음,단일로 - 기타,승용,남,27세,상해없음,보행자,여,34세,중상
2019122500100028,2019년 12월 25일 00시,수요일,전라북도 김제시 공덕면,경상사고,0,0,1,0,차대사람 - 차도통행중,안전운전불이행,포장 - 건조,맑음,단일로 - 기타,승용,여,51세,상해없음,보행자,남,49세,경상
2019122500100301,2019년 12월 25일 17시,수요일,전라북도 전주시 완산구 서노송동,사망사고,1,0,0,0,차대사람 - 횡단중,안전운전불이행,포장 - 건조,흐림,단일로 - 기타,승용,남,72세,상해없음,보행자,남,79세,사망
2019122500100401,2019년 12월 25일 20시,수요일,전라북도 정읍시 연지동,사망사고,1,0,0,0,차대사람 - 기타,안전운전불이행,포장 - 건조,맑음,교차로 - 교차로안,화물,남,50세,상해없음,보행자,여,77세,사망
2019122600100312,2019년 12월 26일 14시,목요일,전라북도 남원시 동충동,경상사고,0,0,1,0,차대사람 - 기타,안전운전불이행,포장 - 젖음/습기,흐림,단일로 - 기타,승용,남,27세,상해없음,보행자,남,77세,경상
2019122600100604,2019년 12월 26일 22시,목요일,전라북도 전주시 완산구 효자동3가,중상사고,0,1,1,0,차대사람 - 기타,안전운전불이행,포장 - 건조,흐림,단일로 - 기타,승용,남,32세,상해없음,보행자,남,21세,중상
2019122700100055,2019년 12월 27일 02시,금요일,전라북도 전주시 완산구 효자동2가,경상사고,0,0,1,0,차대사람 - 횡단중,안전운전불이행,포장 - 건조,맑음,교차로 - 교차로안,승용,남,34세,상해없음,보행자,남,54세,경상
2019122700100065,2019년 12월 27일 03시,금요일,전라북도 익산시 어양동,경상사고,0,0,1,0,차대사람 - 횡단중,안전운전불이행,포장 - 건조,맑음,단일로 - 기타,승용,남,45세,상해없음,보행자,남,31세,경상
2019122700100257,2019년 12월 27일 12시,금요일,전라북도 전주시 덕진구 우아동1가,중상사고,0,1,0,0,차대사람 - 횡단중,보행자보호의무위반,포장 - 건조,맑음,교차로 - 교차로횡단보도내,승용,여,36세,상해없음,보행자,남,82세,중상
2019122700100258,2019년 12월 27일 12시,금요일,전라북도 정읍시 상동,중상사고,0,1,0,0,차대사람 - 횡단중,보행자보호의무위반,포장 - 건조,맑음,교차로 - 교차로안,승용,여,47세,상해없음,보행자,여,61세,중상