사고번호,사고일시,요일,시군구,사고내용,사망자수,중상자수,경상자수,부상신고자수,사고유형,법규위반,노면상태,기상상태,도로형태,가해운전자 차종,가해운전자 성별,가해운전자 연령,가해운전자 상해정도,피해운전자 차종,피해운전자 성별,피해운전자 연령,피해운전자 상해정도
2020051200100188,2020년 5월 12일 10시,화요일,전라북도 남원시 향교동,중상사고,0,1,0,0,차대사람 - 횡단중,보행자보호의무위반,포장 - 건조,맑음,교차로 - 교차로횡단보도내,화물,남,60세,상해없음,보행자,여,52세,중상
2020051200100224,2020년 5월 12일 11시,화요일,전라북도 익산시 영등동,중상사고,0,1,0,0,차대사람 - 횡단중,안전운전불이행,포장 - 건조,맑음,단일로 - 기타,화물,남,63세,상해없음,보행자,남,68세,중상
2020051300100023,2020년 5월 13일 01시,수요일,전라북도 전주시 완산구 효자동1가,경상사고,0,0,1,0,차대사람 - 보도통행중,보행자보호의무위반,포장 - 건조,맑음,교차로 - 교차로횡단보도내,승용,여,57세,상해없음,보행자,여,22세,경상
2020051400100196,2020년 5월 14일 11시,목요일,전라북도 완주군 고산면,중상사고,0,1,0,0,차대사람 - 기타,안전운전불이행,포장 - 건조,맑음,기타 - 기타,승용,남,72세,상해없음,보행자,남,67세,중상
2020051400100230,2020년 5월 14일 12시,목요일,전라북도 완주군 경천면,경상사고,0,0,1,0,차대사람 - 기타,안전운전불이행,포장 - 건조,맑음,단일로 - 기타,승용,여,69세,상해없음,보행자,남,45세,경상
2020051400100543,2020년 5월 14일 20시,목요일,전라북도 익산시 신동,경상사고,0,0,1,0,차대사람 - 횡단중,안전운전불이행,포장 - 건조,맑음,교차로 - 교차로안,원동기,남,22세,상해없음,보행자,남,66세,경상
2020051400100602,2020년 5월 14일 22시,목요일,전라북도 전주시 완산구 삼천동1가,중상사고,0,1,0,0,차대사람 - 길가장자리구역통행중,안전운전불이행,포장 - 건조,맑음,교차로 - 교차로안,승용,남,64세,상해없음,보행자,여,60세,중상
2020051500100010,2020년 5월 15일 00시,금요일,전라북도 김제시 신풍동,경상사고,0,0,1,0,차대사람 - 길가장자리구역통행중,안전운전불이행,포장 - 건조,맑음,주차장 - 주차장,승용,남,55세,상해없음,보행자,남,43세,경상
2020051500100115,2020년 5월 15일 08시,금요일,전라북도 군산시 옥서면,경상사고,0,0,1,0,차대사람 - 기타,안전운전불이행,포장 - 젖음/습기,비,단일로 - 기타,화물,남,50세,상해없음,보행자,남,23세,경상
2020051500100550,2020년 5월 15일 20시,금요일,전라북도 익산시 동산동,경상사고,0,0,2,0,차대사람 - 기타,기타,포장 - 젖음/습기,흐림,교차로 - 교차로부근,승용,남,50세,상해없음,보행자,남,39세,경상
2020051500100551,2020년 5월 15일 20시,금요일,전라북도 김제시 신풍동,경상사고,0,0,1,0,차대사람 - 기타,안전운전불이행,포장 - 건조,맑음,기타 - 기타,승용,남,42세,상해없음,보행자,남,61세,경상
2020051500100643,2020년 5월 15일 22시,금요일,전라북도 김제시 교동,경상사고,0,0,1,0,차대사람 - 횡단중,안전운전불이행,포장 - 건조,맑음,단일로 - 기타,승합,남,48세,상해없음,보행자,남,59세,경상
2020051500100673,2020년 5월 15일 23시,금요일,전라북도 익산시 영등동,중상사고,0,1,2,0,차대사람 - 보도통행중,안전운전불이행,포장 - 젖음/습기,흐림,교차로 - 교차로횡단보도내,승용,남,64세,상해없음,보행자,여,19세,중상
2020051600100407,2020년 5월 16일 18시,토요일,전라북도 순창군 금과면,중상사고,0,1,0,0,차대사람 - 기타,안전운전불이행,포장 - 건조,맑음,교차로 - 교차로안,화물,남,52세,상해없음,보행자,남,47세,중상
2020051600100490,2020년 5월 16일 21시,토요일,전라북도 전주시 완산구 태평동,경상사고,0,0,1,0,차대사람 - 횡단중,안전운전불이행,포장 - 건조,맑음,교차로 - 교차로안,승용,남,60세,상해없음,보행자,남,62세,경상
2020051700100256,2020년 5월 17일 15시,일요일,전라북도 부안군 부안읍,경상사고,0,0,1,0,차대사람 - 보도통행중,기타,포장 - 건조,맑음,기타 - 기타,자전거,남,8세,상해없음,보행자,여,84세,경상
2020051700100322,2020년 5월 17일 17시,일요일,전라북도 남원시 수지면,중상사고,0,1,0,0,차대사람 - 기타,안전운전불이행,포장 - 건조,맑음,단일로 - 기타,화물,남,59세,상해없음,보행자,남,61세,중상
2020051800100300,2020년 5월 18일 14시,월요일,전라북도 군산시 중앙로1가,경상사고,0,0,1,0,차대사람 - 횡단중,안전운전불이행,포장 - 건조,흐림,단일로 - 지하차도(도로)내,이륜,남,61세,상해없음,보행자,여,7세,경상
2020051800100396,2020년 5월 18일 16시,월요일,전라북도 무주군 안성면,중상사고,0,1,0,0,차대사람 - 차도통행중,안전운전불이행,포장 - 건조,맑음,교차로 - 교차로부근,화물,남,31세,상해없음,보행자,여,14세,중상
2020051900100033,2020년 5월 19일 03시,화요일,전라북도 군산시 수송동,경상사고,0,0,1,0,차대사람 - 횡단중,안전운전불이행,포장 - 건조,맑음,교차로 - 교차로안,승용,남,47세,상해없음,보행자,여,21세,경상
2020051900100089,2020년 5월 19일 08시,화요일,전라북도 김제시 금구면,중상사고,0,1,0,0,차대사람 - 횡단중,과속,포장 - 젖음/습기,비,단일로 - 기타,승용,남,48세,상해없음,보행자,남,26세,중상
2020051900100234,2020년 5월 19일 13시,화요일,전라북도 전주시 완산구 서서학동,중상사고,0,1,0,0,차대사람 - 길가장자리구역통행중,안전운전불이행,포장 - 젖음/습기,비,단일로 - 기타,화물,남,63세,상해없음,보행자,남,47세,중상
2020051900100236,2020년 5월 19일 13시,화요일,전라북도 남원시 어현동,중상사고,0,1,0,0,차대사람 - 횡단중,안전운전불이행,포장 - 건조,맑음,단일로 - 기타,승용,여,61세,상해없음,보행자,남,59세,중상
2020051900100260,2020년 5월 19일 14시,화요일,전라북도 전주시 완산구 중화산동2가,경상사고,0,0,1,0,차대사람 - 기타,안전운전불이행,포장 - 젖음/습기,비,단일로 - 기타,승합,남,49세,상해없음,보행자,여,53세,경상
2020051900100301,2020년 5월 19일 15시,화요일,전라북도 전주시 완산구 효자동3가,중상사고,0,1,0,0,차대사람 - 횡단중,신호위반,포장 - 건조,맑음,단일로 - 기타,승용,여,51세,상해없음,보행자,여,37세,중상
2020051900100339,2020년 5월 19일 16시,화요일,전라북도 김제시 요촌동,중상사고,0,1,0,0,차대사람 - 기타,안전운전불이행,포장 - 건조,맑음,단일로 - 기타,승용,여,59세,상해없음,보행자,여,65세,중상
2020051900100455,2020년 5월 19일 19시,화요일,전라북도 군산시 지곡동,경상사고,0,0,1,0,차대사람 - 횡단중,신호위반,포장 - 건조,맑음,교차로 - 교차로횡단보도내,승용,여,26세,상해없음,보행자,여,7세,경상
2020052000100117,2020년 5월 20일 08시,수요일,전라북도 정읍시 북면,중상사고,0,1,0,0,차대사람 - 차도통행중,안전운전불이행,포장 - 건조,맑음,단일로 - 기타,화물,남,49세,상해없음,보행자,남,81세,중상
2020052000100230,2020년 5월 20일 11시,수요일,전라북도 무주군 무주읍,경상사고,0,0,1,0,차대사람 - 보도통행중,보행자보호의무위반,포장 - 건조,맑음,단일로 - 지하차도(도로)내,화물,남,49세,상해없음,보행자,여,42세,경상
2020052000100271,2020년 5월 20일 12시,수요일,전라북도 익산시 신동,중상사고,0,1,0,0,차대사람 - 횡단중,안전운전불이행,포장 - 건조,맑음,교차로 - 교차로안,승용,남,77세,상해없음,보행자,여,70세,중상
2020052000100395,2020년 5월 20일 15시,수요일,전라북도 전주시 덕진구 덕진동1가,경상사고,0,0,1,0,차대사람 - 기타,안전운전불이행,포장 - 건조,맑음,단일로 - 기타,승용,여,55세,상해없음,보행자,여,56세,경상
2020052000100684,2020년 5월 20일 23시,수요일,전라북도 익산시 신동,경상사고,0,0,1,0,차대사람 - 횡단중,안전운전불이행,포장 - 건조,맑음,교차로 - 교차로부근,승용,남,42세,상해없음,보행자,남,25세,경상
2020052100100167,2020년 5월 21일 10시,목요일,전라북도 군산시 조촌동,경상사고,0,0,1,0,차대사람 - 횡단중,보행자보호의무위반,포장 - 건조,맑음,교차로 - 교차로횡단보도내,승용,여,38세,상해없음,보행자,남,36세,경상
2020052100100247,2020년 5월 21일 12시,목요일,전라북도 전주시 덕진구 반월동,사망사고,1,0,0,0,차대사람 - 기타,중앙선침범,포장 - 건조,맑음,단일로 - 기타,승용,남,53세,상해없음,보행자,남,2세,사망
2020052100100624,2020년 5월 21일 23시,목요일,전라북도 전주시 덕진구 덕진동1가,부상신고사고,0,0,0,1,차대사람 - 횡단중,안전운전불이행,포장 - 건조,맑음,단일로 - 기타,승용,남,23세,상해없음,보행자,남,32세,부상신고
2020052200100239,2020년 5월 22일 12시,금요일,전라북도 전주시 덕진구 반월동,중상사고,0,1,0,0,차대사람 - 횡단중,보행자보호의무위반,포장 - 건조,맑음,교차로 - 교차로안,승용,남,22세,상해없음,보행자,여,77세,중상
2020052200100563,2020년 5월 22일 19시,금요일,전라북도 정읍시 상동,경상사고,0,0,2,0,차대사람 - 횡단중,안전운전불이행,포장 - 건조,맑음,기타 - 기타,이륜,여,64세,경상,보행자,여,78세,경상
2020052200100606,2020년 5월 22일 20시,금요일,전라북도 익산시 평화동,경상사고,0,0,1,0,차대사람 - 기타,안전운전불이행,포장 - 건조,흐림,단일로 - 기타,기타불명,기타불명,미분류,기타불명,보행자,여,55세,경상
2020052200100668,2020년 5월 22일 22시,금요일,전라북도 전주시 완산구 중화산동2가,경상사고,0,0,1,0,차대사람 - 기타,기타,포장 - 건조,맑음,단일로 - 기타,승합,남,51세,상해없음,보행자,여,23세,경상
2020052300100075,2020년 5월 23일 07시,토요일,전라북도 군산시 수송동,경상사고,0,0,1,0,차대사람 - 횡단중,보행자보호의무위반,포장 - 건조,맑음,교차로 - 교차로횡단보도내,승용,남,46세,상해없음,보행자,여,38세,경상
2020052300100362,2020년 5월 23일 15시,토요일,전라북도 익산시 어양동,경상사고,0,0,1,0,차대사람 - 기타,안전운전불이행,포장 - 건조,맑음,단일로 - 기타,화물,남,55세,상해없음,보행자,여,43세,경상
2020052400100048,2020년 5월 24일 02시,일요일,전라북도 익산시 신동,경상사고,0,0,1,0,차대사람 - 차도통행중,안전운전불이행,포장 - 건조,맑음,단일로 - 기타,승용,남,22세,상해없음,보행자,남,22세,경상
2020052500100195,2020년 5월 25일 11시,월요일,전라북도 김제시 교동,중상사고,0,1,0,0,차대사람 - 길가장자리구역통행중,안전운전불이행,포장 - 건조,맑음,단일로 - 지하차도(도로)내,개인형이동수단(PM),여,58세,상해없음,보행자,여,77세,중상
2020052500100295,2020년 5월 25일 14시,월요일,전라북도 익산시 황등면,경상사고,0,0,1,0,차대사람 - 횡단중,안전운전불이행,포장 - 건조,맑음,교차로 - 교차로안,화물,남,47세,상해없음,보행자,여,74세,경상
2020052500100376,2020년 5월 25일 16시,월요일,전라북도 군산시 수송동,경상사고,0,0,1,0,차대사람 - 횡단중,보행자보호의무위반,포장 - 건조,맑음,단일로 - 기타,승용,여,40세,상해없음,보행자,여,12세,경상
2020052500100524,2020년 5월 25일 20시,월요일,전라북도 정읍시 상동,경상사고,0,0,1,0,차대사람 - 차도통행중,안전운전불이행,포장 - 건조,맑음,단일로 - 기타,이륜,남,55세,상해없음,보행자,남,69세,경상
2020052600100383,2020년 5월 26일 16시,화요일,전라북도 익산시 영등동,경상사고,0,0,1,0,차대사람 - 기타,안전거리미확보,포장 - 건조,맑음,단일로 - 기타,승용,남,18세,상해없음,보행자,남,5세,경상
2020052600100493,2020년 5월 26일 19시,화요일,전라북도 전주시 덕진구 인후동1가,중상사고,0,1,0,0,차대사람 - 횡단중,안전운전불이행,포장 - 건조,맑음,교차로 - 교차로안,승용,여,41세,상해없음,보행자,여,80세,중상
2020052700100052,2020년 5월 27일 06시,수요일,전라북도 정읍시 덕천면,중상사고,0,1,0,0,차대사람 - 차도통행중,안전운전불이행,포장 - 건조,맑음,교차로 - 교차로부근,승용,남,41세,상해없음,보행자,여,71세,중상
2020052700100474,2020년 5월 27일 17시,수요일,전라북도 익산시 남중동,경상사고,0,0,1,0,차대사람 - 횡단중,안전운전불이행,포장 - 건조,맑음,단일로 - 기타,승용,남,71세,상해없음,보행자,여,49세,경상
2020052700100668,2020년 5월 27일 22시,수요일,전라북도 전주시 완산구 효자동1가,경상사고,0,0,2,0,차대사람 - 횡단중,안전운전불이행,포장 - 건조,맑음,교차로 - 교차로횡단보도내,승용,여,47세,상해없음,보행자,남,44세,경상
2020052700100669,2020년 5월 27일 22시,수요일,전라북도 전주시 덕진구 인후동1가,중상사고,0,1,0,0,차대사람 - 보도통행중,보행자보호의무위반,포장 - 건조,맑음,교차로 - 교차로횡단보도내,승용,남,53세,상해없음,보행자,여,40세,중상
2020052800100193,2020년 5월 28일 10시,목요일,전라북도 무주군 무주읍,경상사고,0,0,1,0,차대사람 - 보도통행중,안전운전불이행,포장 - 건조,맑음,단일로 - 지하차도(도로)내,승용,여,61세,상해없음,보행자,남,65세,경상
2020052800100401,2020년 5월 28일 16시,목요일,전라북도 정읍시 상동,중상사고,0,1,0,0,차대사람 - 횡단중,보행자보호의무위반,포장 - 건조,맑음,교차로 - 교차로안,화물,남,56세,상해없음,보행자,여,11세,중상
2020052800100576,2020년 5월 28일 21시,목요일,전라북도 전주시 덕진구 송천동2가,경상사고,0,0,1,0,차대사람 - 횡단중,보행자보호의무위반,포장 - 건조,맑음,교차로 - 교차로안,승용,남,58세,상해없음,보행자,여,65세,경상
2020052800100626,2020년 5월 28일 23시,목요일,전라북도 전주시 덕진구 우아동1가,중상사고,0,1,0,0,차대사람 - 횡단중,안전운전불이행,포장 - 건조,맑음,교차로 - 교차로안,승용,남,45세,상해없음,보행자,남,18세,중상
2020052900100124,2020년 5월 29일 08시,금요일,전라북도 익산시 모현동1가,경상사고,0,0,1,0,차대사람 - 횡단중,안전운전불이행,포장 - 건조,맑음,단일로 - 기타,승용,남,73세,상해없음,보행자,남,15세,경상
2020052900100318,2020년 5월 29일 13시,금요일,전라북도 군산시 수송동,경상사고,0,0,1,0,차대사람 - 길가장자리구역통행중,안전운전불이행,포장 - 건조,맑음,교차로 - 교차로안,승합,남,63세,상해없음,보행자,남,36세,경상
2020052900100637,2020년 5월 29일 20시,금요일,전라북도 전주시 덕진구 산정동,경상사고,0,0,1,0,차대사람 - 횡단중,보행자보호의무위반,포장 - 건조,맑음,교차로 - 교차로횡단보도내,승용,여,59세,상해없음,보행자,남,46세,경상
2020052900100638,2020년 5월 29일 20시,금요일,전라북도 완주군 이서면,경상사고,0,0,2,0,차대사람 - 기타,안전운전불이행,포장 - 건조,맑음,기타 - 기타,이륜,남,21세,경상,보행자,남,5세,경상
2020052900100677,2020년 5월 29일 21시,금요일,전라북도 전주시 덕진구 인후동1가,경상사고,0,0,2,0,차대사람 - 횡단중,안전운전불이행,포장 - 건조,맑음,단일로 - 기타,승용,남,45세,상해없음,보행자,여,53세,경상
2020052900100707,2020년 5월 29일 22시,금요일,전라북도 전주시 덕진구 우아동3가,중상사고,0,1,0,0,차대사람 - 횡단중,안전운전불이행,포장 - 건조,맑음,교차로 - 교차로안,승용,남,53세,상해없음,보행자,여,72세,중상
2020053000100031,2020년 5월 30일 01시,토요일,전라북도 전주시 덕진구 팔복동1가,중상사고,0,1,0,0,차대사람 - 기타,안전운전불이행,포장 - 건조,맑음,단일로 - 기타,승용,남,57세,상해없음,보행자,여,36세,중상
2020053000100046,2020년 5월 30일 02시,토요일,전라북도 전주시 완산구 다가동3가,경상사고,0,0,1,0,차대사람 - 횡단중,안전운전불이행,포장 - 건조,맑음,단일로 - 기타,승용,남,31세,상해없음,보행자,남,28세,경상
2020053000100184,2020년 5월 30일 10시,토요일,전라북도 김제시 요촌동,중상사고,0,1,0,0,차대사람 - 기타,안전운전불이행,포장 - 건조,맑음,교차로 - 교차로안,승용,남,37세,상해없음,보행자,여,85세,중상
2020053000100185,2020년 5월 30일 10시,토요일,전라북도 남원시 도통동,경상사고,0,0,1,0,차대사람 - 횡단중,안전운전불이행,포장 - 건조,맑음,단일로 - 기타,승용,남,43세,상해없음,보행자,남,76세,경상
2020053000100548,2020년 5월 30일 19시,토요일,전라북도 전주시 덕진구 송천동1가,중상사고,0,1,0,0,차대사람 - 횡단중,안전운전불이행,포장 - 건조,맑음,단일로 - 기타,승용,남,19세,상해없음,보행자,여,62세,중상
2020053000100632,2020년 5월 30일 22시,토요일,전라북도 군산시 수송동,경상사고,0,0,1,0,차대사람 - 길가장자리구역통행중,안전운전불이행,포장 - 건조,맑음,단일로 - 기타,승용,남,22세,상해없음,보행자,여,26세,경상
2020053100100095,2020년 5월 31일 09시,일요일,전라북도 고창군 흥덕면,사망사고,1,0,0,0,차대사람 - 횡단중,안전운전불이행,포장 - 건조,맑음,교차로 - 교차로부근,승용,남,73세,상해없음,보행자,여,63세,사망
2020053100100420,2020년 5월 31일 20시,일요일,전라북도 임실군 관촌면,중상사고,0,1,1,0,차대사람 - 차도통행중,안전운전불이행,포장 - 건조,맑음,단일로 - 기타,이륜,남,89세,경상,보행자,여,68세,중상
2020053100100487,2020년 5월 31일 23시,일요일,전라북도 전주시 완산구 효자동3가,경상사고,0,0,1,0,차대사람 - 기타,안전운전불이행,포장 - 건조,맑음,단일로 - 기타,승용,남,68세,상해없음,보행자,여,20세,경상
2020060100100104,2020년 6월 1일 08시,월요일,전라북도 완주군 이서면,중상사고,0,1,0,0,차대사람 - 차도통행중,불법유턴,포장 - 건조,맑음,교차로 - 교차로부근,화물,남,57세,상해없음,보행자,여,78세,중상
2020060100100141,2020년 6월 1일 09시,월요일,전라북도 남원시 죽항동,경상사고,0,0,1,0,차대사람 - 횡단중,보행자보호의무위반,포장 - 건조,맑음,교차로 - 교차로횡단보도내,화물,남,63세,상해없음,보행자,남,64세,경상
2020060100100349,2020년 6월 1일 14시,월요일,전라북도 익산시 용동면,경상사고,0,0,1,0,차대사람 - 기타,안전운전불이행,포장 - 건조,맑음,단일로 - 기타,화물,남,78세,상해없음,보행자,여,80세,경상
2020060100100402,2020년 6월 1일 15시,월요일,전라북도 완주군 이서면,경상사고,0,0,1,0,차대사람 - 횡단중,보행자보호의무위반,포장 - 건조,맑음,교차로 - 교차로안,승용,여,35세,상해없음,보행자,여,6세,경상
2020060100100578,2020년 6월 1일 18시,월요일,전라북도 익산시 남중동,중상사고,0,1,0,0,차대사람 - 횡단중,중앙선침범,포장 - 건조,맑음,단일로 - 기타,승용,남,24세,상해없음,보행자,남,35세,중상
2020060100100703,2020년 6월 1일 22시,월요일,전라북도 익산시 신동,중상사고,0,1,0,0,차대사람 - 횡단중,안전운전불이행,포장 - 건조,맑음,단일로 - 기타,승용,남,32세,상해없음,보행자,남,52세,중상
2020060200100099,2020년 6월 2일 08시,화요일,전라북도 군산시 지곡동,중상사고,0,1,0,0,차대사람 - 차도통행중,신호위반,포장 - 건조,맑음,교차로 - 교차로부근,승용,남,58세,상해없음,보행자,여,62세,중상
2020060200100172,2020년 6월 2일 10시,화요일,전라북도 전주시 덕진구 우아동3가,경상사고,0,0,1,0,차대사람 - 횡단중,신호위반,포장 - 건조,맑음,교차로 - 교차로안,승합,남,46세,상해없음,보행자,여,91세,경상
2020060200100173,2020년 6월 2일 10시,화요일,전라북도 정읍시 용계동,중상사고,0,1,0,0,차대사람 - 차도통행중,안전운전불이행,포장 - 건조,맑음,교차로 - 교차로안,화물,남,59세,상해없음,보행자,여,57세,중상
2020060200100335,2020년 6월 2일 14시,화요일,전라북도 전주시 완산구 서신동,중상사고,0,1,0,0,차대사람 - 횡단중,보행자보호의무위반,포장 - 건조,맑음,교차로 - 교차로횡단보도내,승합,남,54세,상해없음,보행자,여,78세,중상
2020060200100571,2020년 6월 2일 21시,화요일,전라북도 전주시 완산구 중노송동,중상사고,0,1,0,0,차대사람 - 보도통행중,과속,포장 - 건조,맑음,단일로 - 기타,승용,남,69세,상해없음,보행자,여,68세,중상
2020060300100095,2020년 6월 3일 08시,수요일,전라북도 전주시 덕진구 송천동1가,경상사고,0,0,1,0,차대사람 - 기타,기타,포장 - 건조,맑음,교차로 - 교차로안,승용,남,24세,상해없음,보행자,남,9세,경상
2020060300100156,2020년 6월 3일 10시,수요일,전라북도 익산시 남중동,중상사고,0,1,0,0,차대사람 - 보도통행중,보행자보호의무위반,포장 - 건조,맑음,교차로 - 교차로횡단보도내,승용,남,64세,상해없음,보행자,여,77세,중상
2020060300100334,2020년 6월 3일 15시,수요일,전라북도 김제시 입석동,경상사고,0,0,1,0,차대사람 - 길가장자리구역통행중,안전운전불이행,포장 - 건조,맑음,단일로 - 지하차도(도로)내,승용,남,61세,상해없음,보행자,여,63세,경상
2020060300100482,2020년 6월 3일 18시,수요일,전라북도 전주시 완산구 효자동3가,중상사고,0,1,0,0,차대사람 - 차도통행중,안전운전불이행,포장 - 건조,맑음,교차로 - 교차로부근,승용,남,68세,상해없음,보행자,여,47세,중상
2020060400100482,2020년 6월 4일 18시,목요일,전라북도 전주시 완산구 중화산동2가,중상사고,0,1,0,0,차대사람 - 횡단중,보행자보호의무위반,포장 - 건조,맑음,교차로 - 교차로횡단보도내,승용,여,63세,상해없음,보행자,여,43세,중상
2020060400100485,2020년 6월 4일 18시,목요일,전라북도 익산시 영등동,중상사고,0,1,0,0,차대사람 - 횡단중,안전운전불이행,포장 - 건조,맑음,교차로 - 교차로횡단보도내,승용,여,46세,상해없음,보행자,남,37세,중상
2020060400100531,2020년 6월 4일 19시,목요일,전라북도 진안군 성수면,중상사고,0,1,0,0,차대사람 - 횡단중,불법유턴,포장 - 건조,맑음,단일로 - 기타,화물,남,50세,상해없음,보행자,여,70세,중상
2020060500100214,2020년 6월 5일 11시,금요일,전라북도 군산시 대명동,경상사고,0,0,1,0,차대사람 - 기타,안전운전불이행,포장 - 건조,맑음,교차로 - 교차로안,화물,남,44세,상해없음,보행자,남,78세,경상
2020060500100388,2020년 6월 5일 15시,금요일,전라북도 익산시 모현동1가,경상사고,0,0,1,0,차대사람 - 횡단중,안전운전불이행,포장 - 건조,맑음,교차로 - 교차로안,화물,남,56세,상해없음,보행자,여,34세,경상
2020060500100718,2020년 6월 5일 23시,금요일,전라북도 익산시 모현동1가,중상사고,0,1,0,0,차대사람 - 길가장자리구역통행중,안전운전불이행,포장 - 건조,맑음,단일로 - 기타,승용,여,38세,상해없음,보행자,여,45세,중상
2020060600100057,2020년 6월 6일 03시,토요일,전라북도 전주시 완산구 효자동3가,경상사고,0,0,1,0,차대사람 - 횡단중,안전운전불이행,포장 - 건조,맑음,교차로 - 교차로부근,승용,남,62세,상해없음,보행자,남,28세,경상
2020060600100262,2020년 6월 6일 13시,토요일,전라북도 정읍시 수성동,경상사고,0,0,1,0,차대사람 - 횡단중,보행자보호의무위반,포장 - 건조,맑음,교차로 - 교차로횡단보도내,승용,여,56세,상해없음,보행자,여,49세,경상
2020060600100467,2020년 6월 6일 18시,토요일,전라북도 전주시 완산구 효자동2가,경상사고,0,0,1,0,차대사람 - 기타,불법유턴,포장 - 건조,맑음,단일로 - 기타,승합,남,59세,상해없음,보행자,남,52세,경상
2020060600100527,2020년 6월 6일 20시,토요일,전라북도 정읍시 신태인읍,경상사고,0,0,1,0,차대사람 - 길가장자리구역통행중,안전운전불이행,포장 - 건조,맑음,단일로 - 고가도로위,이륜,남,59세,경상,보행자,남,70세,상해없음
2020060700100040,2020년 6월 7일 02시,일요일,전라북도 전주시 덕진구 덕진동2가,중상사고,0,1,0,0,차대사람 - 횡단중,안전운전불이행,포장 - 건조,맑음,교차로 - 교차로횡단보도내,승용,여,59세,상해없음,보행자,여,21세,중상
2020060700100075,2020년 6월 7일 06시,일요일,전라북도 전주시 완산구 중화산동2가,경상사고,0,0,1,0,차대사람 - 차도통행중,안전운전불이행,포장 - 건조,맑음,교차로 - 교차로안,승용,남,29세,상해없음,보행자,남,27세,경상
2020060700100294,2020년 6월 7일 15시,일요일,전라북도 전주시 덕진구 송천동1가,경상사고,0,0,1,0,차대사람 - 보도통행중,기타,포장 - 건조,맑음,기타 - 기타,승합,남,43세,상해없음,보행자,남,24세,경상
2020060800100006,2020년 6월 8일 00시,월요일,전라북도 전주시 완산구 중화산동2가,중상사고,0,1,0,0,차대사람 - 보도통행중,기타,포장 - 건조,맑음,단일로 - 기타,이륜,남,29세,상해없음,보행자,남,49세,중상
2020060800100243,2020년 6월 8일 11시,월요일,전라북도 고창군 고창읍,경상사고,0,0,1,0,차대사람 - 차도통행중,안전운전불이행,포장 - 건조,맑음,교차로 - 교차로안,건설기계,남,46세,상해없음,보행자,남,62세,경상
2020060800100454,2020년 6월 8일 16시,월요일,전라북도 완주군 이서면,중상사고,0,1,0,0,차대사람 - 보도통행중,기타,포장 - 건조,맑음,단일로 - 기타,승용,남,37세,상해없음,보행자,여,58세,중상
2020060800100547,2020년 6월 8일 18시,월요일,전라북도 익산시 성당면,경상사고,0,0,1,0,차대사람 - 기타,안전운전불이행,포장 - 건조,맑음,교차로 - 교차로부근,화물,남,62세,상해없음,보행자,남,32세,경상
2020060900100037,2020년 6월 9일 05시,화요일,전라북도 정읍시 수성동,경상사고,0,0,1,0,차대사람 - 기타,안전운전불이행,포장 - 건조,맑음,단일로 - 기타,승합,남,56세,상해없음,보행자,남,47세,경상
2020061000100052,2020년 6월 10일 06시,수요일,전라북도 정읍시 상동,중상사고,0,1,0,0,차대사람 - 횡단중,보행자보호의무위반,포장 - 건조,맑음,교차로 - 교차로부근,화물,남,63세,상해없음,보행자,여,70세,중상
2020061000100289,2020년 6월 10일 13시,수요일,전라북도 남원시 금동,중상사고,0,1,0,0,차대사람 - 차도통행중,안전운전불이행,포장 - 건조,맑음,교차로 - 교차로안,승용,여,65세,상해없음,보행자,여,72세,중상
2020061000100365,2020년 6월 10일 15시,수요일,전라북도 임실군 청웅면,중상사고,0,1,0,0,차대사람 - 차도통행중,안전운전불이행,포장 - 건조,맑음,단일로 - 지하차도(도로)내,화물,남,44세,상해없음,보행자,여,76세,중상
2020061000100672,2020년 6월 10일 21시,수요일,전라북도 익산시 부송동,경상사고,0,0,1,0,차대사람 - 횡단중,보행자보호의무위반,포장 - 젖음/습기,비,교차로 - 교차로안,승용,남,74세,상해없음,보행자,남,37세,경상
2020061100100033,2020년 6월 11일 01시,목요일,전라북도 전주시 완산구 평화동3가,사망사고,1,0,0,0,차대사람 - 차도통행중,안전운전불이행,포장 - 젖음/습기,비,단일로 - 교량,승용,남,53세,상해없음,보행자,남,43세,사망
2020061100100126,2020년 6월 11일 08시,목요일,전라북도 전주시 덕진구 우아동2가,중상사고,0,1,0,0,차대사람 - 기타,안전운전불이행,포장 - 건조,맑음,교차로 - 교차로안,화물,남,63세,상해없음,보행자,여,59세,중상
2020061100100291,2020년 6월 11일 13시,목요일,전라북도 전주시 덕진구 덕진동1가,경상사고,0,0,1,0,차대사람 - 보도통행중,보행자보호의무위반,포장 - 건조,맑음,단일로 - 기타,기타불명,기타불명,미분류,기타불명,보행자,여,56세,경상
2020061200100305,2020년 6월 12일 13시,금요일,전라북도 전주시 완산구 효자동3가,경상사고,0,0,1,0,차대사람 - 기타,안전운전불이행,포장 - 건조,맑음,단일로 - 기타,승용,남,66세,상해없음,보행자,남,38세,경상
2020061200100464,2020년 6월 12일 17시,금요일,전라북도 군산시 나운동,중상사고,0,1,0,0,차대사람 - 기타,기타,포장 - 건조,맑음,단일로 - 기타,승합,남,66세,상해없음,보행자,여,17세,중상